surface,id,title,group,image,category,roles,build_phase,change_vs_1.4,data_impact,rules_and_conflicts,size,status,test_evidence
mobile,SignIn,Welcome to CrewTally,01 · Start,mobile/SignIn.png,Kept-changed,Home organizer,P1b,Apple sign-in moved behind Get started / Join my team / Try the Home sample; sample usable before sign-in; privacy link and 'never moves money' line removed.,Workspace-type choice before auth; Join needs invitations and memberships (workspaces.owner_id UNIQUE today).,Reworks built Phase 1 sign-in; missing privacy/no-money-moves copy is an App Store risk.,M,not_started,
mobile,Welcome,Start your first project,01 · Start,mobile/Welcome.png,Kept-changed,Home organizer,P1b,Was a Set up / Look around choice; now 'You're ready' 3-step explainer with Create my project / Explore the sample. Sample auto-removal rule no longer stated.,None,Sample lifecycle rule from 1.4 needs a decision. 2.0 (P1b): only Create my project; leave the Explore the sample slot empty until P2 (P1b has no sample mode).,S,not_started,
mobile,SetupProject,Create project,01 · Start,mobile/SetupProject.png,Kept-changed,Home organizer,P2,Work days picker removed; timezone shown read-only; project use moved into a collapsed Project settings disclosure.,work_days has no UI (default only); revised docs say workspace timezone vs 1.4 per-project timezone.,Work days drive Missing and reminders in 1.4; timezone scope contradicts within revised pack.,M,not_started,
mobile,SetupWorkers,Add first worker,01 · Start,mobile/SetupWorkers.png,Kept-changed,Home organizer,P2,"Only one worker (name plus optional phone). Removed: multi-worker loop, email, From Contacts, From My crew, possible-duplicate warning.",None,Loss of duplicate detection risks split balances; REQ-26 Contacts picker absent.,S,not_started,
mobile,SetupPay,Set worker pay,01 · Start,mobile/SetupPay.png,Kept-changed,Home organizer,P2,Single worker only; pay basis as dropdown; day length and start date hidden in a disclosure; hours example removed; ends with Create project.,Same rate_agreement fields; start date defaults silently.,Hidden day length makes DAY_MINUTES entry less discoverable.,S,not_started,
mobile,EmptyToday,First day,01 · Start,mobile/EmptyToday.png,New-covered-by-1.4,Home organizer,P2,"Today right after setup: one unrecorded worker with Record day/No work, sync line, $0 balance, Review payments button. Same as baseline Today with all workers unrecorded.",None,Review payments is the only footer action on a $0 day (secondary style); minor.,S,not_started,
mobile,Today,Today,02 · Daily work,mobile/Today.png,Kept-changed,Home organizer,P3,"One-tap Full/half/Other chips and Undo removed. Daily worker: Record day opens full form; No work saves in one tap without Undo. Mark rest, List, filter, Pay what's owed removed; adds Use previous workday. Record day is preset to Full (hourly preset to 8 h), so 2 taps instead of 1.",Bulk copy-previous-day endpoint; per-tap deferred send/Undo queue no longer needed.,"Breaks 1.4 T08, T10 and 30-second five-worker target; one-tap No work with no Undo or confirm.",L,not_started,
mobile,TodayDark,Today · dark mode,02 · Daily work,mobile/TodayDark.png,Kept-changed,Home organizer,P3,Dark version of the revised Today; same functional changes as Today.,None beyond Today.,Same as Today.,S,not_started,
mobile,TodaySample,Explore sample,02 · Daily work,mobile/TodaySample.png,Kept-changed,Home organizer,P3,"Passive 'Sample project · Fictional records' note only; removed Start my own button, Try these coach card and nothing-saved toast. Sample reachable before sign-in.",Local-only sample mode with no account.,1.4 requires a Start my own banner on every sample screen. Sample shows 'Rivera household' and 'Synced at 6:20 pm' though it is local and pre-sign-in; must not show sync status.,S,not_started,
mobile,TodayOffline,Today · offline,02 · Daily work,mobile/TodayOffline.png,Kept-changed,Home organizer,P3,"Offline shown only as a sync line '2 waiting to sync'. Removed offline banner, per-entry pending markers, 'as of' balance and disabled Mark rest.",None,"Balance shown without staleness label offline; no warning that payments need a connection. Work saved on the phone is added to the balance at once (R:26), not shown as pending.",M,not_started,
mobile,TodayList,Today · list view,02 · Daily work,mobile/TodayList.png,Kept-changed,Home organizer,P3,Image identical to Today: list view and Unrecorded only filter removed; collapsed Recorded section is the only compact list.,None,1.4 requires list view and Unrecorded filter for large crews.,S,not_started,
mobile,TodayHours,Record hours,02 · Daily work,mobile/TodayHours.png,Kept-changed,Home organizer,P3,"Bottom sheet becomes full screen with Duration or Start & end modes, quick picks 4/6/8/10 h, optional note; amount no longer on save button.",Same HOUR_MINUTES; decide whether start/end/break are stored.,No over-12-hour confirmation (1.4 rule); limit is 24 h.,S,not_started,
mobile,TodayOther,Record part day,02 · Daily work,mobile/TodayOther.png,Kept-changed,Home organizer,P3,"Now the main entry for daily workers: Full / Half / quarter quick picks plus typed decimal. Removed 3/4, named fractions and hours-to-day-portion entry.","DAY_MINUTES mode unused; typed thirds stored as 0.3333 in numeric(5,4).",1.4 work-input table requires hours entry for day-rate workers.,M,not_started,
mobile,TodayMarkRest,Confirm no work,02 · Daily work,mobile/TodayMarkRest.png,Kept-changed,Home organizer,P3,Bulk 'Mark rest as no work' replaced by a single-worker 'Record no work?' screen that nothing links to; mock shows an already-recorded worker.,Bulk mark-rest endpoint not needed.,Breaks 1.4 day completion (T08); unclear whether No work needs confirmation.,S,not_started,
mobile,WorkHistory,Work history,02 · Daily work,mobile/WorkHistory.png,Kept-changed,Home organizer,P3,"Today entries plus Previous days list; corrections via new EditWorkEntry. Removed All/Unrecorded/Corrected tabs, project/worker/month filters, revision history and Clear entry.",Revision reason not collected; VOID has no UI.,1.4 requires a reason for revision >1; filters promised in the project description missing.,M,not_started,
mobile,Workers,My crew,03 · Crew & projects,mobile/Workers.png,Kept-changed,Home organizer,P2,"My crew reduced to search plus project-scoped list with one skill and amount owed. Removed favorites/working/past chips, skill filter, stars, rating averages, past workers.",crew_summary() not needed for this view; list becomes per project.,REQ-26 largely unmet; My crew no longer cross-project.,M,not_started,
mobile,WorkerDetail,Worker detail,03 · Crew & projects,mobile/WorkerDetail.png,Kept-changed,Home organizer,P2,"Balance card with Work + Expenses - Payments drill-down, Record payment, Statement, Work history. Removed Call/Text, favorite, rating card, other-project balances, projects worked.",Ledger filter by type; view becomes assignment-scoped.,Advances on other projects hidden (overpay risk); REQ-26 items removed.,M,not_started,
mobile,AddWorker,Add worker,03 · Crew & projects,mobile/AddWorker.png,Kept-changed,Home organizer,P2,"Name, phone, receipt language added; skills now one free-text field in a disclosure. Choose from Contacts and skill chip picker removed.",skills text[] vs single free-text string needs parsing/validation.,REQ-26 Contacts picker removed. New worker gets a silent default $240/day rate with only a 'Review the agreed rate' toast (R:100); never default a rate.,S,not_started,
mobile,WorkerEdit,Edit worker,03 · Crew & projects,mobile/WorkerEdit.png,Kept-changed,Home organizer,P2,Skills editing removed; language becomes dropdown; worker-level 'Make inactive' replaced by 'Remove project assignment'.,Deactivation moves to assignment end; no way to retire a worker from My crew.,Skills set at add time cannot be edited.,S,not_started,
mobile,DeactivateWorker,Remove assignment,03 · Crew & projects,mobile/DeactivateWorker.png,New-covered-by-1.4,Home organizer,P2,Confirm removing a worker from one project; shows balance still owed; says work history and balances stay available (the screen no longer says the worker stays in My crew). Maps to ending the assignment (PATCH assignments end_date).,None (assignments.end_date),Must still allow paying ended assignments; Free 29-day window means slot may not free at once; 'Remove' reads like delete.,S,not_started,
mobile,HireAgain,Add to project,03 · Crew & projects,mobile/HireAgain.png,Kept-changed,Home organizer,P2,"Full screen with project dropdown and bare agreed rate. Removed New project, pay basis, start date and prefill note; Text first replaced by a 'Preview an invitation message' link (English toast only, no language, no Messages hand-off).",POST /assignments needs start date and pay basis not collected.,Current project still selectable (unique project+worker); no daily/hourly choice.,M,not_started,
mobile,RateWorker,Private feedback,03 · Crew & projects,mobile/RateWorker.png,Kept-changed,Home organizer,P2,"1-5 stars removed; Yes/Maybe/No, note, favorite only; opened from worker page, not archive flow. Copy changes from 'Only you' to 'Only your workspace'.",worker_ratings.stars NOT NULL and rate_assignment() require stars; 0004 must change.,Breaks T62/REQ-26; privacy scope widens with Business roles.,S,not_started,
mobile,Projects,Projects,03 · Crew & projects,mobile/Projects.png,Kept-changed,Home organizer,P2,"Shows only the current project row with New. Removed Active/Archived sections, inline Edit/Archive, work days, advances, Rate crew prompts.",None,"Archived projects unreachable; likely prototype simplification, needs confirming.",S,not_started,
mobile,ProjectSummary,Project overview,03 · Crew & projects,mobile/ProjectSummary.png,Kept-changed,Home organizer,P2,"Work/Expenses/Payments/Net card and per-worker owed list. Removed Pay what's owed, earned by week, earned/paid table, Export CSV, freshness time; refunds netted into Payments.",Simpler summary query; payments shown net of refunds.,Export promised in the project description missing; refunds no longer visible.,S,not_started,
mobile,ProjectSettings,Project settings,03 · Crew & projects,mobile/ProjectSettings.png,New-covered-by-1.4,Home organizer,P2,Edit project name and 'Used for' (My home/Rental/Business) with a reporting-regroup warning; link to archive. Baseline PATCH projects already takes name and project_use.,None (projects.project_use from 0003),Drops time zone and work-day editing that baseline project detail has; 'Used for' may be confused with Business workspace type.,S,not_started,
mobile,ArchiveProject,Archive project,03 · Crew & projects,mobile/ArchiveProject.png,New-covered-by-1.4,Home organizer,P2,Confirm archive with net balance shown; says records stay and a Project Pass stays attached. Baseline archive/reopen endpoints and 0003 pass rules already cover this.,None,Baseline rate-each-worker step on archive is gone (RateWorker still exists); decide whether archive still prompts ratings.,S,not_started,
mobile,Payments,Payments,04 · Payments,mobile/Payments.png,Kept-changed,Home organizer,P4,"Record a payment (choose worker first), session-only recent list, Pay crew/Split in disclosure, footer No other payments today. Removed filters, receipt numbers, statuses.",List endpoint may drop status/receipt no./filters if not restored.,Uncleared checks not visible; payment filters promised in the project description missing.,M,not_started,
mobile,RecordPayment,Record payment,04 · Payments,mobile/RecordPayment.png,Kept-changed,Home organizer,P4,Single worker; blank amount with Full balance button; method defaults Cash; date today; Save draft added. Inline split and evidence attachment removed.,Device-local drafts; evidence upload not reachable from this flow.,Project description requires payment evidence; Cash default risks wrong method data.,M,not_started,
mobile,SplitPayment,Split a payment,04 · Payments,mobile/SplitPayment.png,New-covered-by-1.4,Home organizer,P4,"Separate form to split one payment: recipient, total, a share per worker, left-to-allocate. Baseline does this in Record payment with allocation lines.",None (record_payment with allocations),No date/method/reference/evidence; prototype records N separate payments 'Via crew lead' instead of one payment with allocations.,M,not_started,
mobile,ConfirmPayment,Review payment,04 · Payments,mobile/ConfirmPayment.png,Kept-changed,Home organizer,P4,"Adds before/change/after balance preview; generic 'I have already made this payment' unchecked by default, Record disabled until ticked. Duplicate warning moved to own screen.",None,Loses method-specific confirmation (Transfer made / Check issued) relevant to check status.,S,not_started,
mobile,DuplicatePayment,Possible duplicate,04 · Payments,mobile/DuplicatePayment.png,New-covered-by-1.4,Home organizer,P4,"Full-screen possible-duplicate warning with amount, date, method; Record a separate payment or Keep existing record. Baseline has duplicate-check endpoint and inline warning.",None (POST /v1/payments/duplicate-check),Drops the matching receipt number; prototype match rule (worker+amount+date+method) differs from baseline (date+amount+method+reference).,S,not_started,
mobile,PaymentRecorded,Payment recorded,04 · Payments,mobile/PaymentRecorded.png,New-covered-by-1.4,Home organizer,P4,"Success after one payment: amount, new balance, View receipt, In-person acknowledgment, Share receipt. Baseline offers text receipt and hand-over after any payment.","None; record_payment result lacks new balance, so refetch or extend response","Hand-over renamed and demoted to a small link, even for cash where baseline makes it prominent.",S,not_started,
mobile,PayOwed,Record crew payments,04 · Payments,mobile/PayOwed.png,Kept-changed,Home organizer,P4,"Opt-in checkboxes (none preselected), amount locked to full balance, method fixed Cash, then review step. Removed editable amount, per-worker method, check #, date.",Bulk endpoint simpler but fixed method stores wrong data.,"REQ-17 'amount and method each' unmet; checks/Zelle recorded as Cash; BulkReview shows no method, check number or total.",M,not_started,
mobile,BulkReview,Review crew payments,04 · Payments,mobile/BulkReview.png,New-covered-by-1.4,Home organizer,P4,"Review list for Pay what's owed: worker and amount rows, 'I have already made these payments', Record selected payments. Baseline Pay what's owed covers it.",None,"Prototype hard-codes Cash and full owed amount; no per-worker method, check number or total line, all required by baseline.",S,not_started,
mobile,PayOwedDone,Crew payments recorded,04 · Payments,mobile/PayOwedDone.png,Kept-changed,Home organizer,P4,"Bulk-pay confirmation cut to name, amount and View their receipt; per-row Get signature/Text receipt buttons, receipt numbers, methods and signed/texted status removed.",None,Loses v1.4 'get proof now' nudge; proof only via each receipt.,S,not_started,
mobile,PaymentDetail,Payment details,04 · Payments,mobile/PaymentDetail.png,Kept-changed,Home organizer,P4,"Shows single-payee receipt card + Mark check cleared, View receipt, Record money returned. Check returned action removed (no returned-check path at all). Split lines, private evidence, receipt/share history and opened/acknowledged status removed.",None new; receipt number format R-000117 -> CT-099 (cosmetic unless redefined).,Split allocations and acknowledgment state not visible; no correct or reverse payment path; returned check can only be logged as money returned.,M,not_started,
mobile,CashPaymentDetail,Cash payment details,04 · Payments,mobile/CashPaymentDetail.png,New-covered-by-1.4,Home organizer,P4,"Payment detail for a cash payment: receipt card, balance when recorded, View receipt, Record money returned. Baseline Payment detail and partial refund cover it.",None,"Says 'bank clearance is a separate status' on cash (wrong status line); missing allocations, evidence, signature, versions; CT-098 vs R-000123.",S,not_started,
mobile,Evidence,Payment evidence,04 · Payments,mobile/Evidence.png,New-covered-by-1.4,Home organizer,P4,"Add a private photo or PDF to a payment, with a note to review sensitive details before including in a receipt. Baseline evidence upload covers it.","None (evidence table, POST /v1/evidence)","Prototype uses web file input; no file list, delete or limits; R1 must never put evidence on public link. Orphaned: no rendered screen links to it.",S,not_started,
mobile,RefundSheet,Fix a payment,04 · Payments,mobile/RefundSheet.png,Kept-changed,Home organizer,P4,"'Fix a payment' (correct / partial / full reversal, per-worker caps) replaced by single-worker 'Record money returned' with amount, reason, before/after preview and review step.",v1.4 reversal functions still fit; UI must still pass payment_id and allocation it no longer shows.,"Drops correction and full reversal modes and per-allocation caps; reason enforced but not labelled required; cap is total paid across all payments (R:119), not the payment's allocation.",M,not_started,
mobile,Reimburse,Add expense owed,04 · Payments,mobile/Reimburse.png,Kept-changed,Home organizer,P5,"Renamed 'Add expense owed'; amount and description only, before/after preview, review step. Date field and receipt photo/PDF evidence removed.",Date defaults to today; evidence on reimbursements unused in UI.,No backdating or receipt evidence vs v1.4; terminology Reimbursed -> Expenses.,S,not_started,
mobile,AdjustBalance,Adjust balance,04 · Payments,mobile/AdjustBalance.png,Kept-changed,Home organizer,P5,"Direction dropdown, amount, reason, before/after preview, review step. Type chips (Opening balance/Bonus/Overtime/Other) and date removed.",adjustments.type and date not captured; default type or keep chips.,Opening balance concept lost; reason must stay required server-side. Prototype stores adjustments as Expenses (R:88); keep a separate adjustment type.,S,not_started,
mobile,ChangePay,Change pay rate,04 · Payments,mobile/ChangePay.png,Kept-changed,Home organizer,P2,"Rate, effective date and new 'Apply to: Future entries only / Recalculate recorded work'. Daily/hourly toggle, inline per-day diff and reason removed; preview moves to review step.",Backdated 'future only' needs mixed-rate support not in rate_agreements model.,Conflicts with v1.4 all-or-nothing backdated rate rule; no basis change UI.,M,not_started,
mobile,Receipt,Receipt,05 · Receipts,mobile/Receipt.png,Kept-changed,Home organizer,P6,"Single-payee receipt with language dropdown, Share/Save. Who-is-this-for picker incl. Full split, 'not bank verified' status, evidence toggle and timestamp removed.",share_links FULL view unused; worker-only remains; en/es kept.,Not-bank-verified wording gone; superseded status not shown; T23 obsolete.,M,not_started,
mobile,ReceiptSigned,Acknowledged receipt,05 · Receipts,mobile/ReceiptSigned.png,Kept-changed,Home organizer,P6,"'Receipt acknowledged' card with note it is separate from bank clearance. Signature image, signer name/time and language toggle no longer shown on receipt.",payment_signatures still needed; rendering on receipt undefined.,Weaker proof if signature not on receipt/PDF.,S,not_started,
mobile,Handover,Worker acknowledgment,05 · Receipts,mobile/Handover.png,Kept-changed,Worker (in person); Home organizer,P6,"In-person 'Acknowledge payment': signature optional, typed name removed, Spanish toggle gone from rendered design, generic text without method/project/date. Live screen is R:61 (English only, signature canvas only).",Signature nullable or add ack method; no signer name stored.,Spanish handover lost; unsigned unnamed ack is weak; offline note dropped.,S,not_started,
mobile,TextLink,Share receipt,05 · Receipts,mobile/TextLink.png,Kept-changed,Home organizer,P6,"'Share with Marco': recipient, amount, message language, generic share sheet, preview worker view. Phone, SMS link preview, 30-day expiry and revoke text removed.",None,Expiry/revoke not communicated; revoke needs a UI home.,S,not_started,
mobile,ShareResult,Sharing result,05 · Receipts,mobile/ShareResult.png,New-covered-by-1.4,Home organizer,P6,"After share sheet: recipient, payment, Delivery 'Not confirmed', note that sharing doesn't prove delivery. Matches baseline sharing journey.",None,None,S,not_started,
mobile,WorkerLinkPage,Worker receipt,05 · Receipts,mobile/WorkerLinkPage.png,Kept-changed,Worker (link recipient),P6,"Public receipt with language dropdown, I received / There's a problem. Worker balance, not-bank-verified status, expiry date, privacy link and footer removed.",Allowlisted view drops balance; acknowledgments unchanged.,No privacy link or expiry on public page.,S,not_started,
mobile,ReceiptReceived,Receipt acknowledged,05 · Receipts,mobile/ReceiptReceived.png,New-covered-by-1.4,"Worker (public link, no account)",P6,Public receipt page state after the worker taps 'I received this payment': thank-you and receipt card. Baseline ack endpoint covers it.,None (acknowledgments RECEIVED),Omits honest status line and balance as-of; repeat tap must not record again.,S,not_started,
mobile,ReceiptQuestion,Question about payment,05 · Receipts,mobile/ReceiptQuestion.png,New-covered-by-1.4,"Worker (public link, no account)",P6,"Public page form 'Report a problem' with a required note; says it does not acknowledge receipt. Baseline 'I have a question' (QUERY, 500 chars) covers it.",None (acknowledgments QUERY),Label differs from baseline 'I have a question'; optional typed name missing; needs 500-char counter.,S,not_started,
mobile,QuestionSent,Question sent,05 · Receipts,mobile/QuestionSent.png,New-covered-by-1.4,"Worker (public link, no account)",P6,"Public page confirmation after a question: echoes note, says payment not acknowledged, contact payer if urgent. New state of existing behaviour.",None,Should not imply the owner has read it.,S,not_started,
mobile,ExpiredLink,Expired receipt link,05 · Receipts,mobile/ExpiredLink.png,New-covered-by-1.4,"Worker (public link, no account)",P6,Public page 'This link has expired' with ask-for-new-link text and Copy request message button.,None,"Baseline T28 needs expired, revoked and unknown links to look identical; saying 'expired' confirms a real token. Orphaned: no live entry point in the rendered prototype.",S,not_started,
mobile,BalanceBreakdown,Balance breakdown,06 · Records,mobile/BalanceBreakdown.png,Kept-changed,Home organizer,P5,"Sheet becomes screen: Still owed with Work + Expenses - Payments chips, See all entries, View statement. Adjustment and reversal lines and counts removed.",Read model still needs all six components.,"Totals reconcile, but adjustments are mislabelled as Expenses and returned money is hidden inside net Payments; 1.4 needs separate lines for audit.",S,not_started,
mobile,Ledger,Ledger,06 · Records,mobile/Ledger.png,Kept-changed,Home organizer,P5,"Cross-worker filtered ledger with running balance becomes per-worker entries with All/Work/Expenses/Payments tabs; no running balance, date filter or opening/closing; removed from More.","ledger_events unchanged; 'imported aggregate' rows are prototype artifacts, do not build.",Loses auditability and spreadsheet-style filters promised in project brief.,M,not_started,
mobile,Statement,Worker statement,06 · Records,mobile/Statement.png,Kept-changed,Home organizer,P6,"All-time balance card, see entries, language, Export/Share. Project/period pickers and day-by-day document (not recorded days, opening/closing, S-number) removed.",statements snapshot still needed; period selection unused.,"'Not recorded, never $0' rule and period statements not visible.",M,not_started,
mobile,YearTotals,Year-to-date totals,06 · Records,mobile/YearTotals.png,Kept-changed,Home organizer,P5,"Becomes per-project 'Year-to-date payments'. All 1099-NEC and household-employee tax notices, cross-project view, project-use split, reimbursed column and year stepper removed.","project_use, tax_thresholds and 1099 RPC from 0003 unused; per-project YTD query needed.",Against v1.4 REQ-25/T54; no cross-project annual total per worker.,M,not_started,
mobile,More,More,07 · Plans & settings,mobile/More.png,Kept-changed,Home organizer; Home partner,P7,"Adds Text & readability, Invite a partner, Switch workspace; removes needs-review banner, Project summary, Ledger, Help and support, version; Diagnostics renamed Sync & recovery.",Switch workspace needs memberships and many workspaces per user (breaks owner_id UNIQUE).,No Help/support entry; conflict banner no longer top-level.,M,not_started,
mobile,Plan,Choose a plan,07 · Plans & settings,mobile/Plan.png,Kept-changed,Home organizer,P7,Same prices; Pro split into annual/monthly cards; usage meters and 'until you archive' removed; pass now stays with project through reopen; purchase review with consent checkbox added.,Pass bound to project at purchase (pass_id fits); unused-pass inventory unused.,"Keeps 1.4's 'Unlimited projects and workers' wording; revised brief says ""Do not market 'unlimited' by inference"". Terms of use / Privacy policy links replaced by one 'Terms & privacy' link to PlanTerms (no Terms of use, required by 1.4).",M,not_started,
mobile,PlanTerms,Plan details,07 · Plans & settings,mobile/PlanTerms.png,New-covered-by-1.4,Home organizer,P7,"Plain terms: Pass stays with its project across archive/reopen, Pro auto-renews via Apple, records stay available if plan changes; link to privacy overview.",None (0003 already keeps pass_id on reopen),Revised doc 03 says expired plan pauses writes vs baseline never-locked; old Plan copy differs; needs Terms of use link.,S,not_started,
mobile,PurchaseReview,Project Pass review,07 · Plans & settings,mobile/PurchaseReview.png,New-covered-by-1.4,Home organizer,P7,"Pre-purchase review for Project Pass on a named project: $24.99 one time, 'I understand' checkbox, Continue with Apple. New step before StoreKit sheet.",None; target project must be passed to server to set projects.pass_id,"Price must come from StoreKit/RevenueCat, not hard-coded; extra checkbox adds friction.",S,not_started,
mobile,PurchaseAnnual,Pro annual review,07 · Plans & settings,mobile/PurchaseAnnual.png,New-covered-by-1.4,Home organizer,P7,Pre-purchase review for Pro annual $49.99/year with auto-renew note and 'I understand' checkbox.,None,'Unlimited projects and workers' contradicts revised doc 01 'do not market unlimited'; use localized price.,S,not_started,
mobile,PurchaseMonthly,Pro monthly review,07 · Plans & settings,mobile/PurchaseMonthly.png,New-covered-by-1.4,Home organizer,P7,Pre-purchase review for Pro monthly $7.99/month with auto-renew note and 'I understand' checkbox.,None,Same 'unlimited' contradiction as PurchaseAnnual; use localized price.,S,not_started,
mobile,PurchaseSuccess,Plan active,07 · Plans & settings,mobile/PurchaseSuccess.png,New-covered-by-1.4,Home organizer,P7,Plan active confirmation with Continue adding worker (resumes the flow that hit the limit) and View plan.,None server-side; client must keep interrupted form state,"Says 'ready for this project' for Pro, which is workspace-wide; show Active only after server confirms entitlement.",S,not_started,
mobile,PurchaseFailure,Purchase not completed,07 · Plans & settings,mobile/PurchaseFailure.png,New-covered-by-1.4,Home organizer,P7,"Purchase not completed: plan unchanged, Try again, Restore purchases.",None,User cancel shouldn't be a failure; Apple restore won't return a consumable Project Pass (server records it); no pending state. Orphaned: no live entry point in the rendered prototype.,S,not_started,
mobile,PlanPro,Your plan,07 · Plans & settings,mobile/PlanPro.png,Kept-changed,Home organizer,P7,"Shows plan, renewal, price, 'Projects & workers: Unlimited', Manage subscription. Usage, unused passes and 'nothing is lost, current workers keep working' removed.",None,Keeps 1.4's 'Unlimited' wording (brief cautions against it); lapse rule changes from keep-recording (v1.4) to writes pause (rev doc 03).,S,not_started,
mobile,ManageSubscription,Subscription settings,07 · Plans & settings,mobile/ManageSubscription.png,New-scope-home,Home organizer,P7,"Status page before Apple settings: current subscription, next renewal date, note that changes are made in Apple settings. Mostly covered (1.4 has the Manage subscription deep link); the renewal-status page needs new entitlement fields.","Add will-renew/billing-issue/grace state to workspace_entitlements and event types, or read RevenueCat on device",'Next renewal' wrong after cancel without will-renew flag; needs real button to Apple subscriptions.,S,not_started,
mobile,LimitSheet,Project limit,07 · Plans & settings,mobile/LimitSheet.png,Kept-changed,Home organizer,P7,"Sheet becomes screen for 4th worker: Project Pass card, Compare Pro plans, keep worker in crew directory unassigned. Monthly-equivalent Pro button removed.",None (uses 0003 limits and 0004 crew).,'Unlimited workers on this project' (1.4 said 'as many workers as it needs'); OK to keep but wording follows the Plan screen; project-limit variant not drawn.,S,not_started,
mobile,Account,Account,07 · Plans & settings,mobile/Account.png,Kept-changed,Home organizer,P7,"Receipt name with explicit Save and note that earlier receipts keep details; export, privacy, sign out, delete. Sign-in method row and export contents description removed.",None,Account vs workspace naming unclear once partners and Business exist.,S,not_started,
mobile,Privacy,Privacy overview,07 · Plans & settings,mobile/Privacy.png,New-covered-by-1.4,Home organizer,P7,"In-app privacy summary: worker contact and private notes, per-worker receipts, export and deletion in Account.",None,"Needs link to full privacy policy; 'review evidence before sharing' implies link evidence, not allowed in R1.",S,not_started,
mobile,ExportData,Export records,07 · Plans & settings,mobile/ExportData.png,New-covered-by-1.4,Home organizer,P7,"Keep a copy: CSV of all project records (work, expenses, payments) with privacy note and Download.",None (POST /v1/account/export exists),"Narrower than baseline ZIP (all tables, receipts, evidence, private crew data); weakens REQ-16; download is share sheet on iPhone.",S,not_started,
mobile,DeleteAccount,Delete account,07 · Plans & settings,mobile/DeleteAccount.png,Kept-changed,Home organizer,P7,"Adds an 'I understand' checkbox and moves Apple re-auth to its own screen (Export and Manage subscription were already in 1.4). Deleted-items list, Apple disconnect and 30-day backup disclosure removed.",Must define deletion with memberships/partners and multiple workspaces; Apple token revoke still needed.,Backup retention disclosure dropped; 'removes your workspace' ambiguous for members.,M,not_started,
mobile,Reminders,Reminders,07 · Plans & settings,mobile/Reminders.png,Kept-changed,Home organizer,P7,"Single project with daily checkbox, time, Mon-Fri chip, preview, Save. Multi-project toggles, per-device, skip-when-done, actions and notifications-off fallback removed.",reminder_preferences still fits; workday editing not designed.,No permission-off handling or workday picker.,S,not_started,
mobile,Diagnostics,Sync & support,07 · Plans & settings,mobile/Diagnostics.png,Kept-changed,Home organizer,P7,"Renamed Sync & recovery: connection, synced time, interrupted payment draft, entry conflict, readability. Version, support ID, send/export pending and uninstall warning removed.",Local payment drafts client-side only.,Payment drafts must not become offline-queued payments; support ID and data-loss warning lost.,S,not_started,
mobile,NeedsReview,Resolve an entry,07 · Plans & settings,mobile/NeedsReview.png,Kept-changed,Home organizer; Home partner,P7,Same keep-one rule with explicit balance impact; other version labelled 'Partner's phone' instead of another device; auto reason copy removed.,Needs actor attribution (created_by) and device id on work_revisions.,Depends on partner access; reason must still be auto-recorded.,S,not_started,
mobile,InvitePartner,Invite a partner,07 · Plans & settings,mobile/InvitePartner.png,Kept-changed,Home organizer,P1b,"Release 1.1 workspace partner (name, texted link, can/can't list) becomes core project-level invite by name and email; permission list and revoke not shown on rendered screen.","Needs memberships, invitations, created_by on all writes, email sign-in; drops owner-only model.",Project vs workspace scope contradicts More and doc 03; partner rate rights unclear.,L,not_started,
mobile,InvitePending,Invite ready,07 · Plans & settings,mobile/InvitePending.png,New-scope-identity,Home organizer; Home partner,P1b,"Invite created for a partner: workspace, 7-day expiry, Not accepted, copy link, revoke. Baseline puts partner access in Release 1.1; revised makes it a launch flow. Orphaned in the rendered flow; the live path is HomeInvite → HomeInviteReady (no expiry or revoke).","New workspace_members, invitations (hashed token, expiry, single use, revoke), role checks, actor_id on money functions",Breaks one-owner workspace (owner_id UNIQUE) in built Phase 0/1; copy vs text link; access only after verified acceptance.,L,not_started,
mobile,SplitReview,Review split payment,04 · Payments,mobile/SplitReview.png,New-covered-by-1.4,Home organizer,P4,Review the split totals per worker and tick 'I have already made this payment' before recording. Baseline confirm step covers it.,None,Hides method and date; inline duplicate warning from old ConfirmPayment not shown on split path.,S,not_started,
mobile,SplitRecorded,Split payment recorded,04 · Payments,mobile/SplitRecorded.png,New-covered-by-1.4,Home organizer,P4,Success screen listing total and amount applied to each worker; advises separate receipts per worker; only action is Return to payments.,None,"Implies separate receipt records (baseline: one receipt, per-worker views); no Share/Text receipt or signature actions.",S,not_started,
mobile,CheckCleared,Check cleared,04 · Payments,mobile/CheckCleared.png,New-covered-by-1.4,Home organizer; Home partner,P4,Success screen after marking a check cleared; receipt card and note that clearance adds no second credit.,None (existing set_check_cleared),Receipt number format CT-099 vs baseline R-000111,S,not_started,
mobile,ExpenseReview,Review expense,04 · Payments,mobile/ExpenseReview.png,New-covered-by-1.4,Home organizer; Home partner,P5,Separate confirm step for a reimbursement showing before/change/after balance; baseline showed balance-after inline on the form.,None,Review drops date and receipt photo; adds a second screen to each money write,S,not_started,
mobile,AdjustmentReview,Review adjustment,04 · Payments,mobile/AdjustmentReview.png,New-covered-by-1.4,Home organizer; Home partner,P5,Separate confirm step for a balance adjustment with before/change/after and reason.,None,No adjustment type shown; reason is required by the form (fallback text is unreachable); prototype books adjustments as Expenses (R:88).,S,not_started,
mobile,RateReview,Review rate,04 · Payments,mobile/RateReview.png,New-covered-by-1.4,Home organizer,P2,Review of rate change; future-dated path matches baseline. Retro mode asks user to select affected entries instead of all-or-nothing preview.,None if baseline kept; per-entry retro apply needs new apply_rate_change variant,Per-entry retro selection allows mixed-rate state baseline forbids,S,not_started,
mobile,RefundReview,Review returned money,04 · Payments,mobile/RefundReview.png,New-covered-by-1.4,Home organizer; Home partner,P4,Confirm step for money returned (partial reversal) with before/change/after and reason.,None (reverse_payment PARTIAL),Shows one worker only; baseline refund spans allocation lines and marks receipt superseded,S,not_started,
mobile,ConflictReview,Confirm correction,07 · Plans & settings,mobile/ConflictReview.png,New-covered-by-1.4,Home organizer; Home partner,P7,"Confirm step after 'Replace with mine' in Needs review, showing saved vs replacement earnings and balance change.",None,Must still write reason 'Replaced after conflict',S,not_started,
mobile,RestoreResult,Restore purchases,07 · Plans & settings,mobile/RestoreResult.png,New-covered-by-1.4,Home organizer; Owner,P7,Result screen after Restore purchases showing current plan.,Multi-workspace: entitlement must stay tied to purchasing workspace (RevenueCat id = workspace id),Screen omits workspace name; restore may transfer subscription between workspaces,S,not_started,
mobile,DeleteConfirmation,Verify account deletion,07 · Plans & settings,mobile/DeleteConfirmation.png,New-covered-by-1.4,Home organizer; Owner,P7,Re-authenticate with Apple before account deletion; records stay until confirmed.,Multi-workspace: per-workspace delete rules; member delete revokes memberships only,Mock lacks the Continue with Apple button; Business owner with members undefined,S,not_started,
mobile,TodayComplete,Day complete,02 · Daily work,mobile/TodayComplete.png,New-covered-by-1.4,Home organizer; Home partner,P3,"Today when everyone is recorded: completion banner, Synced at time, Use previous workday, project balance, Review payments.",None (client last-sync time),Drops baseline Pay what's owed and No payments today actions,S,not_started,
mobile,PreviousWorkday,Review previous workday,02 · Daily work,mobile/PreviousWorkday.png,New-scope-home,Home organizer; Home partner,P3,"NOT covered by 1.4 (no Home-scope category): copy previous workday entries to today for unrecorded workers only, after review.",Create-only work ops per assignment; copy input not amount; reprice at target-date rate; optional batch API,New feature; must skip inactive assignments and never overwrite,M,not_started,
mobile,EditWorkEntry,Correct work entry,02 · Daily work,mobile/EditWorkEntry.png,New-covered-by-1.4,Home organizer; Home partner,P3,"Correction hub for a work entry from Work history: current entry, Change hours/day portion, Change to no work.",None,No reason field though baseline requires reason for revisions >1; hides revision list,S,not_started,
mobile,ChoosePaymentWorker,Choose payment recipient,04 · Payments,mobile/ChoosePaymentWorker.png,New-covered-by-1.4,Home organizer; Home partner,P4,"New first step of recording a payment: pick worker from list with recorded balance, then Record payment.",None,Hides recipient-vs-allocation (crew lead paid for several) under More options,S,not_started,
mobile,DraftRecovery,Resume payment draft,04 · Payments,mobile/DraftRecovery.png,New-covered-by-1.4,Home organizer; Home partner,P4,"Resume or discard an unfinished payment draft; draft does not change balances. Surfaced from Payments, Today, Sync.",None (local draft keyed by user+workspace+project),Must block resume if worker archived or access revoked,S,not_started,
mobile,Readability,Text and readability,07 · Plans & settings,mobile/Readability.png,New-scope-home,Home organizer; Home partner,P7,In-app text size preview (Standard/Large/Extra large); notes native app follows iPhone settings.,None (or per-user pref if override built),"Not in 1.4 (only Dynamic Type support, line 280); duplicates iOS Dynamic Type; recommend not building it or an info row only.",S,not_started,
mobile,SavedLocally,Saved on this phone,07 · Plans & settings,mobile/SavedLocally.png,New-covered-by-1.4,Home organizer; Home partner,P7,"Offline state: entries saved on phone, pending count, waiting for connection, continue recording.",None,Copy implies all recording works offline; baseline queues only work entries,S,not_started,
mobile,SyncComplete,Records synchronized,07 · Plans & settings,mobile/SyncComplete.png,New-covered-by-1.4,Home organizer; Home partner,P7,Confirmation that all pending entries synced with last sync time.,None,Must not claim synced while Needs review items exist,S,not_started,
mobile,TodayLargeText,Today · enlarged text,02 · Daily work,mobile/TodayLargeText.png,New-covered-by-1.4,Home organizer; Home partner,P3,Today rendered at extra-large text size; one-column layout reference.,None,Scaling bug in reference: worker name stays small while rate and buttons grow (minor accessibility error).,S,not_started,
mobile,WorkerAdvance,Worker · paid in advance,03 · Crew & projects,mobile/WorkerAdvance.png,New-covered-by-1.4,Home organizer; Home partner,P2,"Worker detail with paid-in-advance credit and formula work + expenses - payments; statement, history, feedback links.",None,"Totals reconcile, but adjustments are mislabelled as Expenses and returned money is hidden inside net Payments; 1.4 needs separate lines for audit.",S,not_started,
mobile,ChooseWorkspace,How will you use CrewTally?,00 · Choose your workspace,mobile/ChooseWorkspace.png,New-scope-identity,All (new user),P1b,"Pick Home or Business workspace type before sign-in, or join a team. Baseline auto-creates one workspace at sign-in.","workspaces.type, timezone; drop owner_id UNIQUE; POST /v1/workspaces; rewrite P1 tests",Workspace timezone vs baseline per-project timezone,L,not_started,
mobile,WorkspaceSwitcher,Your workspaces,00 · Choose your workspace,mobile/WorkspaceSwitcher.png,New-scope-identity,All roles,P1b,List of user's workspaces with role and access status; open one or create another.,GET /v1/workspaces; per-request workspace check vs membership; cache/queue/drafts per workspace,Pending ops must not cross workspaces on switch,L,not_started,
mobile,JoinTeam,Join your team,00 · Choose your workspace,mobile/JoinTeam.png,New-scope-identity,Admin; Crew lead; Worker,P1b,"Enter invitation code to find an invitation; company pays, no plan needed.",invitations table with hashed token; rate-limited pre-auth lookup,"Short typed code is guessable; enumeration risk 2.0: one message for a wrong code, an expired invitation and too many tries; wrong codes never lock an invitation (counted per person and email).",M,not_started,
mobile,JoinInvite,Review your invitation,00 · Choose your workspace,mobile/JoinInvite.png,New-scope-identity,Admin; Crew lead; Worker,P1b,"Review invitation (workspace, recipient, role, job, $0 cost) then sign in and join, or say not for me.",Accept creates membership; sets workers.linked_user_id; single-use accepted_by,Email binding fails with Apple private relay; shows details before auth,L,not_started,
mobile,InviteExpired,Invitation unavailable,00 · Choose your workspace,mobile/InviteExpired.png,New-scope-identity,Admin; Crew lead; Worker,P1b,Generic invitation expired or revoked screen; ask for a new one.,"expires_at, revoked_at, accepted_at on invitations",None,S,not_started,
mobile,JoinedTeam,You’re on the team,00 · Choose your workspace,mobile/JoinedTeam.png,New-scope-identity,Admin; Crew lead; Worker,P1b,"Welcome after joining: role, paid by business, only assigned jobs visible.",Active membership; server-side role scoping,"None 2.0 (P1b): build with Home wording: ""You're helping with <workspace>. <Organizer> manages the plan."" The Business welcome is B1.",S,not_started,
mobile,HomeInvite,Invite a project partner,01 · Start,mobile/HomeInvite.png,New-scope-identity,Home organizer,P1b,Invite one partner by name and email to help record; billing stays with organizer. Partner access moves from Release 1.1 into launch.,"memberships, invitations, actor_id on all write tables","Partner rights inconsistent (rates, projects, workers); 'this project' copy vs workspace-wide grant",M,not_started,
mobile,HomeInviteReady,Partner invitation ready,01 · Start,mobile/HomeInviteReady.png,New-scope-identity,Home organizer,P1b,"Partner invitation ready: workspace, access 'Project organizer', $0 cost; copy invitation.",Invitation role HOME_PARTNER; needs revoke and pending list,'Project organizer' label conflicts with partner limits; no expiry/one-time note,S,not_started,
mobile,BWelcome,Your business workspace,B1 · Business setup,mobile/BWelcome.png,New-scope-business,Owner,B1,"Intro to Business workspace: owner pays, roles, approvals before balances; start setup or explore a sample business.",None,Sample business needs a seeded demo mode not in baseline,S,not_started,
mobile,BSetup,Name your business,B1 · Business setup,mobile/BSetup.png,New-scope-business,Owner,B1,Setup step 1: business name; creator becomes owner.,workspaces.type HOME/BUSINESS; drop owner_id UNIQUE; new memberships row OWNER,Breaks baseline one-owner-one-workspace; no currency/timezone asked,M,not_started,
mobile,BFirstJob,Create your first job,B1 · Business setup,mobile/BFirstJob.png,New-scope-business,Owner,B1,Setup step 2: first job name and client name (both required); client details private.,projects.client_name (new); project timezone not collected,No address/budget UI though 03 lists location/budget optional,S,not_started,
mobile,BFirstCrew,Add your first worker,B1 · Business setup,mobile/BFirstCrew.png,New-scope-business,Owner,B1,Setup step 3: first worker name and hourly rate; account optional; continues to Business plan.,workers + assignment + rate_agreement HOUR,Hourly only; rate set on worker not assignment; no effective date,S,not_started,
mobile,BOwnerToday,Business Today,B2 · Owner & admin,mobile/BOwnerToday.png,New-scope-business,Owner; Admin,B1,"Business Today: sync status, count of submitted work to approve, active jobs with client, links to balances (finance only) and Record work.",Query work_entries state=SUBMITTED,None,M,not_started,
mobile,BJobs,Client jobs,B2 · Owner & admin,mobile/BJobs.png,New-scope-business,Owner; Admin; Crew lead,B1,"List of client jobs; managers see all, crew lead sees only own job; managers can add a job.",Lead link: assignments.lead_membership_id or project lead,Prototype limits lead to one job; 03 allows several,S,not_started,
mobile,BNewJob,Add client job,B2 · Owner & admin,mobile/BNewJob.png,New-scope-business,Owner; Admin,B1,Add client job with job name and client; assign crew afterwards; no one notified.,projects.client_name,"No address, budget or timezone fields",S,not_started,
mobile,BJob,Job overview,B2 · Owner & admin,mobile/BJob.png,New-scope-business,Owner; Admin; Crew lead,B1,"Job overview: lead, status, crew list (balances for finance, work link for lead), labor cost, record work, assign crew.",Project lead/status; crew from active assignments,Crew rows show worker balance across ALL jobs under one job; no archive; No screen to set or change a job's lead (lead comes only from an invitation).,M,not_started,
mobile,BJobCosts,Job labor costs,B2 · Owner & admin,mobile/BJobCosts.png,New-scope-business,Owner; Admin (financial access),B1,"Job labor costs: approved earnings on this job, payments attributed to job, net balance; pending excluded; reassignment keeps history.",Earnings by entry project_id; payments by allocation to job,"Payment job is implicit: the worker's currently assigned job at the time of recording (not an allocation the user picks). Sample $1,600 payment total is hard-coded.",M,not_started,
mobile,BAssignCrew,Assign crew to job,B2 · Owner & admin,mobile/BAssignCrew.png,New-scope-business,Owner; Admin,B1,Tick workers to assign to this job; prior work stays on its original job.,assignments with start/end dates,Prototype is one job per worker: ticking moves worker off other job; baseline allows many,M,not_started,
mobile,BOwnerRecord,Record crew work,B3 · Work & approvals,mobile/BOwnerRecord.png,New-scope-business,Owner; Admin,B2,"Record crew work for a job/date: default hours for unrecorded workers, note; already-submitted workers skipped; 0 = no work.","Batch work_entries with client_mutation_id, actor, note",Hours 0-24 only; no NO_WORK/day-portion modes; single date,M,not_started,
mobile,BWorkReview,Review crew hours,B3 · Work & approvals,mobile/BWorkReview.png,New-scope-business,Owner; Admin; Crew lead,B2,"Edit per-worker hours then confirm; owner/admin entries save as approved, lead entries submit for approval.",Entry state + approved_by; self-approved when manager records,Manager self-approval vs brief 'Business work submits pending',M,not_started,
mobile,BWorkSaved,Work recorded,B3 · Work & approvals,mobile/BWorkSaved.png,New-scope-business,Owner; Admin; Crew lead; Worker,B2,"Confirmation: work recorded (manager) or submitted for approval (lead/worker), with sync status.",None,None,S,not_started,
mobile,BApprovals,Work to approve,B3 · Work & approvals,mobile/BApprovals.png,New-scope-business,Owner; Admin,B2,"Queue of submitted entries plus worker correction requests; approval changes earnings, not payments.",work_entries state index; correction_requests,Per-entry approval only; no batch approve on mobile,M,not_started,
mobile,BApproval,Review submission,B3 · Work & approvals,mobile/BApproval.png,New-scope-business,Owner; Admin,B2,"Review one submitted entry (job, date, hours, submitter, earnings if finance); approve or return; online required.",approval_events immutable; post ledger once on approve,Rate snapshot taken at submit not by work date; no rule vs approving own submission,M,not_started,
mobile,BReturnWork,Return for correction,B3 · Work & approvals,mobile/BReturnWork.png,New-scope-business,Owner; Admin,B2,Return entry with required reason shown to submitter; no earnings added.,approval_events.reason; state RETURNED,Resubmit overwrites same entry in place instead of new revision,S,not_started,
mobile,BApprovalDone,Submission reviewed,B3 · Work & approvals,mobile/BApprovalDone.png,New-scope-business,Owner; Admin,B2,Result: work approved or returned for correction; go to next submission.,None,None,S,not_started,
mobile,BHistory,Business work history,B3 · Work & approvals,mobile/BHistory.png,New-scope-business,Owner; Admin; Crew lead,B2,"Work history: worker, date, recorder, hours, state; corrections create new version.",Entry versions and state,Subtitle shows one job but lists all; no filters; sample week-range 40h entries clash with per-date model,M,not_started,
mobile,BTeam,Your business team,B4 · Team & access,mobile/BTeam.png,New-scope-business,Owner; Admin,B1,Team: app members with roles and worker records with account status; records and app access separate.,memberships; workers.linked_user_id,Member list hard-coded in prototype,M,not_started,
mobile,BAddPerson,Add someone,B4 · Team & access,mobile/BAddPerson.png,New-scope-business,Owner; Admin,B1,Choose: add worker record only or invite someone to use the app.,None,None,S,not_started,
mobile,BAddWorker,Add worker record,B4 · Team & access,mobile/BAddWorker.png,New-scope-business,Owner; Admin (financial access),B1,"Add worker record with hourly rate, assigned to current job; no invitation sent.",workers + assignment + rate_agreement HOUR,03 lets non-finance admin add worker with rate pending; prototype blocks them,S,not_started,
mobile,BWorkerRecord,Worker record,B4 · Team & access,mobile/BWorkerRecord.png,New-scope-business,Owner; Admin,B1,"Worker record: job, app access, rate (finance), links to history, balance, invite.",workers.linked_user_id,Invite not bound to this worker record; no edit/archive/rate history,M,not_started,
mobile,BInvite,Invite team member,B4 · Team & access,mobile/BInvite.png,New-scope-business,Owner; Admin,B1,"Invite member: name, email, role (lead/worker/admin), assigned job; owner can grant admin financial access.","invitations: email, role, financial_access, job, worker binding, hashed token, 7d expiry",Admins can pick Admin role (03: leads/workers only); job required even for admin,M,not_started,
mobile,BInviteReview,Review team invitation,B4 · Team & access,mobile/BInviteReview.png,New-scope-business,Owner; Admin,B1,"Review invitation: email, role, job, $0 cost, financial access; expires in 7 days; access only after acceptance.",invitations,None,S,not_started,
mobile,BInviteReady,Invitation ready,B4 · Team & access,mobile/BInviteReady.png,New-scope-business,Owner; Admin,B1,"Invitation created: copy private link, preview recipient view; status not accepted/revoked.","invitations.status, revoked_at",No revoke or resend action; recipient identity check needed,S,not_started,
mobile,BMember,Team member access,B4 · Team & access,mobile/BMember.png,New-scope-business,Owner; Admin,B1,"Member access summary (work scope, rates hidden, billing owner-only); remove access.",memberships,"No way to change role, job or financial access; hard-coded member",M,not_started,
mobile,BRoles,Roles explained,B4 · Team & access,mobile/BRoles.png,New-scope-business,Owner; Admin; Crew lead; Worker,B1,"Static explanation of owner, admin, crew lead and worker permissions.",None,None,S,not_started,
mobile,BRemoveMember,Remove app access,B4 · Team & access,mobile/BRemoveMember.png,New-scope-business,Owner; Admin,B1,Confirm removing a member's app access; history kept; pending work stays for review.,memberships.status REVOKED + audit,None,S,not_started,
mobile,BAccessDenied,Permission needed,B4 · Team & access,mobile/BAccessDenied.png,New-scope-business,Owner; Admin; Crew lead; Worker,B1,Shown when role lacks permission; ask owner/admin; back to my work.,None (server 403 error state),None,S,not_started,
mobile,BBalances,Worker balances,B5 · Business payments,mobile/BBalances.png,New-scope-business,Owner; Admin (financial access),B3,All worker balances: approved earnings minus payments; pending excluded.,Worker-level rollup across jobs,Baseline ledger is per assignment with a per-worker rollup already in the API (S:740); Business shows the per-worker rollup as the primary view.,M,not_started,
mobile,BWorkerBalance,Business worker balance,B5 · Business payments,mobile/BWorkerBalance.png,New-scope-business,Owner; Admin (financial access),B3,"One worker's balance across jobs: owed or paid in advance, earnings, payments; record payment.",Worker-level rollup across jobs,None,S,not_started,
mobile,BPayment,Record business payment,B5 · Business payments,mobile/BPayment.png,New-scope-business,Owner; Admin (financial access),B3,"Record outside payment: amount, full-balance shortcut, method, date.",payments + one implicit allocation to the worker's current assignment (no user-chosen job allocation),"Job allocation implicit; no multi-worker split, Zelle, check no., reference or evidence",M,not_started,
mobile,BPaymentReview,Review business payment,B5 · Business payments,mobile/BPaymentReview.png,New-scope-business,Owner; Admin (financial access),B3,Review payment with balance before/after and required 'already paid' check; duplicate check.,idempotency_keys,None,S,not_started,
mobile,BPaymentSaved,Business payment recorded,B5 · Business payments,mobile/BPaymentSaved.png,New-scope-business,Owner; Admin (financial access),B3,Payment recorded: amount and new balance; receipt shows only this worker.,receipts snapshot,None,S,not_started,
mobile,BReceipt,Business receipt,B5 · Business payments,mobile/BReceipt.png,New-scope-business,Owner; Admin (financial access),B3,"Business receipt: number, amount, paid by business, paid to worker, date, method; no bank verification.",receipts snapshot,"No job, reference or balance-after on receipt face",S,not_started,
mobile,BShareReceipt,Share business receipt,B5 · Business payments,mobile/BShareReceipt.png,New-scope-business,Owner; Admin (financial access),B3,"Share receipt with the worker via share sheet; this payment only, no other crew details.",share_links WORKER view only,No language choice (baseline en/es),S,not_started,
mobile,BReports,Business reports,B5 · Business payments,mobile/BReports.png,New-scope-business,Owner; Admin (financial access),B3,"Workspace totals (approved, payments, submitted hours), link to jobs, CSV export.",Export query,"Export only worker totals, no filters or per-job; blocks non-finance admin (03 allows)",M,not_started,
mobile,BPlan,Business plan,B6 · Business billing,mobile/BPlan.png,New-scope-business,Owner,B4,"Business paywall: one plan for the whole business, $29/month or $290/year, pick billing period, then review subscription or restore. Comes after setup; no free tier.","New Business products and a workspace entitlement (plan, state, billing owner); prices from StoreKit/server","Prices hard-coded and unvalidated; no free tier or trial. Setup (business name, first job, first worker) is saved before purchase; all other writes (new jobs, invites, work, payments) are blocked until purchase. Docs 01–06 do not define a pre-purchase state.",S,not_started,
mobile,BBuyReview,Review Business subscription,B6 · Business billing,mobile/BBuyReview.png,New-scope-business,Owner,B4,"Pre-purchase review: charge, covered workspace, team included, auto-renew note, required 'I understand' checkbox, then Apple purchase. If the user has a paid Home plan, a note says Business does not cancel it (conditional; not in the PNG).",Entitlement bound to workspace + purchaser; original_transaction_id unique; Home and Business entitlements coexist,"Must show StoreKit localized price. Pack requires Home and Business to coexist (01:29, 05:54); how to do that in App Store Connect (e.g. separate subscription groups) is a risk to confirm against Apple's documentation.",M,not_started,
mobile,BPlanActive,Business is active,B6 · Business billing,mobile/BPlanActive.png,New-scope-business,Owner,B4,"Purchase success: team is covered, team members pay $0; prompts to invite admin or crew lead, or go to Today.",Reads verified entitlement state,Prototype sets active on client; must wait for server verification,S,not_started,
mobile,BBilling,Business billing,B6 · Business billing,mobile/BBilling.png,New-scope-business,Owner,B4,"Owner billing page: workspace, status, plan, price, billed through Apple; Manage subscription and Restore purchases. Warns not to share Apple Account.","verified_state enum (active, grace, retry, canceled, expired, refunded); period end; billing owner",Status only Active/Needs renewal; grace and retry states missing; price hard-coded,S,not_started,
mobile,BManageSubscription,Manage with Apple,B6 · Business billing,mobile/BManageSubscription.png,New-scope-business,Owner,B4,"Explains Apple manages renewal, cancel keeps access to period end, links to expiry view and Apple settings; owner change does not transfer the subscription.",None (deep link); needs billing-owner transfer process defined,No owner-transfer or billing-recovery flow; owner account deletion with active Business undefined,S,not_started,
mobile,BBillingTerms,Business plan details,B6 · Business billing,mobile/BBillingTerms.png,New-scope-business,Owner,B4,"Plan terms: one workspace covers all invited roles, no extra charges per invite, and on expiry records stay readable and exportable but changes pause.",None,Read-only on expiry contradicts baseline 'records are never locked'; no privacy/terms links,S,not_started,
mobile,BRestore,Restore Business purchase,B6 · Business billing,mobile/BRestore.png,New-scope-business,Owner,B4,"Restore a Business purchase with the paying Apple Account; reconnects only the original workspace, never a second business.",original_transaction_id -> workspace binding; restore endpoint refuses rebinding,"Restore must not rebind a purchase to a different workspace (01:29, 05:54). Risk to confirm: baseline uses the workspace id as the RevenueCat app user id, so RevenueCat's restore/transfer setting decides whether a restore can move Business to another workspace; check its current docs.",M,not_started,
mobile,BPurchaseFailed,Business purchase incomplete,B6 · Business billing,mobile/BPurchaseFailed.png,New-scope-business,Owner,B4,Purchase did not complete; setup and team details are saved; try again or restore if Apple already charged.,Workspace lifecycle state for unpaid Business (e.g. PENDING_PURCHASE),"The prototype blocks invitations (and every write except setup) before purchase; docs don't state the rule, and the copy 'team details are saved' implies otherwise.",S,not_started,
mobile,BExpired,Business access expired,B6 · Business billing,mobile/BExpired.png,New-scope-business,Owner; Admin; Crew lead; Worker,B4,"Subscription ended: records are safe, view and export only; new work, payments and edits paused. Owner sees Renew; members told to ask owner.",Server write gate (workspace_is_writable) on every mutation; entitlement state,Contradicts baseline never-locked rule and T51; blocks worker receipt ack/query; offline queue outcome undefined,M,not_started,
mobile,BLeadToday,Crew lead Today,B7 · Crew lead,mobile/BLeadToday.png,New-scope-business,Crew lead,B2,"Crew lead home: sync status, assigned job and crew count, Record crew work, Submitted work; no money shown.","Memberships, lead-to-job scoping; money fields stripped from lead responses",New money-free Today. The lead's Jobs tab reuses BJobs (filtered to the lead's one job).,M,not_started,
mobile,BLeadRecord,Record assigned crew,B7 · Crew lead,mobile/BLeadRecord.png,New-scope-business,Crew lead,B2,"Record hours for assigned crew with default hours (0 = no work), skip already-submitted workers, note, then review and submit for approval. Rates hidden.",Approval states on work; lead scoping; per-item batch results; hours map to HOUR_MINUTES,Hourly only (no daily/part-day); owner path via same screen creates approved entries directly,M,not_started,
mobile,BLeadSubmissions,Crew submissions,B7 · Crew lead,mobile/BLeadSubmissions.png,New-scope-business,Crew lead,B2,"List of entries on the lead's job with Approved, Submitted or Returned status.",Approval state per entry; lead scoping,"Seed uses week-range entries (21-25 Sep, 40 h) vs one entry per day; mixed date formats",S,not_started,
mobile,BLeadEntry,Crew entry status,B7 · Crew lead,mobile/BLeadEntry.png,New-scope-business,Crew lead,B2,One crew entry's hours and status; if returned shows reason and lets lead enter corrected hours and resubmit.,Returned state with reason in approval_events; new revision on resubmit,Prototype overwrites hours in place; no reason field though baseline needs reason on revisions,S,not_started,
mobile,BLeadCrew,Your assigned crew,B7 · Crew lead,mobile/BLeadCrew.png,New-scope-business,Crew lead,B2,"Assigned crew list for the lead's job; pay rates, payments and other jobs hidden.",Lead scoping; worker DTO allowlist,"Must never expose 0004 private notes, ratings or contact details to leads",S,not_started,
mobile,BCrewMember,Crew work record,B7 · Crew lead,mobile/BCrewMember.png,New-scope-business,Crew lead; Owner; Admin,B2,"One crew member's work entries on the job: date, status, hours; no money.",Lead scoping; approval state,Week-range seed entries; overlaps existing owner worker history screens,S,not_started,
mobile,BWorkerToday,Worker Today,B8 · Worker,mobile/BWorkerToday.png,New-scope-business,Worker,B2,"Worker home: assigned job for today, Enter my hours, My submitted work; only own records; company pays.",Memberships; workers.linked_user_id verified binding,Baseline: workers never need an account; adds whole authenticated worker client,M,not_started,
mobile,BWorkerHours,Enter my hours,B8 · Worker,mobile/BWorkerHours.png,New-scope-business,Worker,B2,Worker enters own hours and optional note for today's job; owner/admin reviews before it becomes approved earnings.,Approval state; worker-user link,Today only (no past days); hourly only,S,not_started,
mobile,BWorkerReview,Review my work,B8 · Worker,mobile/BWorkerReview.png,New-scope-business,Worker,B2,"Summary of job, date and hours before submitting for approval; submitting does not record a payment.",Approval state; idempotency key; one entry per worker/date/job,None,S,not_started,
mobile,BWorkerHistory,My work,B8 · Worker,mobile/BWorkerHistory.png,New-scope-business,Worker,B2,Worker's own entries with status pills.,Worker-user link; approval state,Week-range seed entries,S,not_started,
mobile,BWorkerEntry,My entry status,B8 · Worker,mobile/BWorkerEntry.png,New-scope-business,Worker,B2,Own entry hours and status; returned entries can be corrected and resubmitted; approved entries offer Request a correction.,Approval state; correction_requests table,Resubmit has no reason field,S,not_started,
mobile,BWorkerCorrection,Request work correction,B8 · Worker,mobile/BWorkerCorrection.png,New-scope-business,Worker,B2,Worker asks for a correction to approved work with a free-text reason; approved entry stays until owner reviews.,"New correction_requests table (entry, requester, reason, status)","Text only, no proposed hours; no outcome view for worker; no owner decline path",M,not_started,
mobile,BWorkerMoney,My earnings & receipts,B8 · Worker,mobile/BWorkerMoney.png,New-scope-business,Worker,B2,"Worker's own approved earnings, payments recorded, balance still owed, and list of own receipts.",Worker-user link; balance summed across assignments,Shows $700 paid but 'No new receipts yet'; unclear if worker sees own rate,S,not_started,
mobile,BWorkerReceipt,My payment receipt,B8 · Worker,mobile/BWorkerReceipt.png,New-scope-business,Worker,B2,"Worker views own payment receipt (amount, payer, date, method) and taps 'I received this payment' or 'There's a problem'.",acknowledgments.share_link_id is NOT NULL; add receipt_id + user_id,Two ack channels (link and in-app) for one receipt need a rule; Expired or unpaid workspace blocks the worker's ack and question (D:138–139).,M,not_started,
mobile,BReceiptProblem,Payment question,B8 · Worker,mobile/BReceiptProblem.png,New-scope-business,Worker,B2,Worker sends a payment question to the business owner; does not count as acknowledging the payment.,QUERY ack via in-app path; owner notification/inbox,No owner-side screen for questions; routing to finance admins unclear,S,not_started,
mobile,BMore,Business settings,B9 · Settings & recovery,mobile/BMore.png,New-scope-business,Owner; Admin; Crew lead; Worker,B4,"Business settings: switch workspace, sync, work history, reports, billing or 'Your access' by role, sign out, text size.",Membership list for workspace switcher,"Text & readability sits below Sign out; reminders, language, account deletion missing",S,not_started,
mobile,BTeamAccess,Your team access,B9 · Settings & recovery,mobile/BTeamAccess.png,New-scope-business,Admin; Crew lead; Worker,B4,"Member view: your business covers you, your role, cost $0, billing contact is the business owner.",Membership role; covered flag from entitlement,None,S,not_started,
mobile,BSync,Saved business work,B9 · Settings & recovery,mobile/BSync.png,New-scope-business,Owner; Admin; Crew lead; Worker,B4,Shows entries saved on the phone waiting to sync and connection status; reconnect and sync.,"Idempotent replay; re-check membership, assignment and entitlement at sync","No UI for queued items rejected on sync (revoked, expired, duplicate)",M,not_started,
mobile,BOffline,Business offline,B9 · Settings & recovery,mobile/BOffline.png,New-scope-business,Owner; Admin; Crew lead; Worker,B4,Offline notice: keep recording on the phone; approval and sharing wait until reconnect.,None beyond sync queue,"The screen doesn't say payments need a connection; 02:29 requires one for approvals, invitations and payments; baseline queues work only.",S,not_started,
mobile,BAdminToday,Administrator Today,B2 · Owner & admin,mobile/BAdminToday.png,New-scope-business,Admin,B1,"Admin home, same as owner Today: submissions to review, active jobs, worker balances (only with financial access), review submissions.",financial_access on membership; server strips money for non-finance admins,No no-finance variant captured; approval blocked by missing rate has no screen,M,not_started,
mobile,BBillingProblem,Billing needs attention,B6 · Business billing,mobile/BBillingProblem.png,New-scope-business,Owner,B4,Renewal problem warning: review billing in Apple; access follows verified subscription status.,Grace/billing-retry states from App Store notifications; widen entitlement_events types,No member-facing variant; unclear whether writes continue in grace,S,not_started,
mobile,BCorrectionReview,Review approved-work correction,B3 · Work & approvals,mobile/BCorrectionReview.png,New-scope-business,Owner; Admin,B2,"Owner corrects approved work from a worker request: enter corrected hours and reason; old version kept, earnings change by the difference.","Superseding approved revision, ledger delta posted once, approval_event, close correction request",168 h limit implies weekly entries; no online check; no decline option; rate snapshot rule unstated,M,not_started,
mobile,BDuplicatePayment,Possible business duplicate,B5 · Business payments,mobile/BDuplicatePayment.png,New-covered-by-1.4,Owner; Admin (financial access),B3,Warns a matching payment exists; owner confirms it is a separate payment or keeps the existing record.,Existing duplicate check + idempotency; add financial-access check,Does not show the existing matching payment or reference,S,not_started,
mobile,BAccessRemoved,Business access removed,B9 · Settings & recovery,mobile/BAccessRemoved.png,New-scope-identity,Admin; Crew lead; Worker,P1b,Shown when the business removed your membership; personal account and other workspaces still available.,"Membership status, revoked_at/by; audit event; invalidate sessions","Queued offline items from revoked user must be rejected; Prototype redirect fires only for Crew lead (D:147); production must revoke every role. 2.0 (P1b): copy without names: ""You no longer have access to this workspace."" Same screen for removed and left.",S,not_started,
mobile,AccountSignIn,Sign in to your account,00 · Choose your workspace,mobile/AccountSignIn.png,New-scope-identity,All roles,P1b,"One personal account for many workspaces; Continue with Apple, then create workspace or accept invitation.",User without implied workspace; auth_identities if email/web login added,"Apple-only won't cover Android/web members; account linking undefined 2.0: developer users (dev:<label>) show ""Developer sign-in"" on Account, never ""Signed in with Apple"".",M,not_started,
mobile,BPurchaseLinked,Purchase already linked,B6 · Business billing,mobile/BPurchaseLinked.png,New-scope-business,Owner,B4,Restore found the purchase already covers a workspace; one purchase covers one business; open the covered business.,original_transaction_id -> workspace lookup,Must reveal workspace name only to its members (shared Apple ID privacy); name hard-coded,S,not_started,
mobile,BReadability,Business text size,B9 · Settings & recovery,mobile/BReadability.png,New-scope-business,Owner; Admin; Crew lead; Worker,B4,"In-app text size choice (Standard, Large, Extra large) with preview; says native app follows iPhone text size.",None,Contradicts itself and baseline Dynamic Type rule; recommend dropping,S,not_started,
web,website,Website home,Website,web/desktop/website.png,Website,Public,P7,"Public landing page: hero, Home and Business audience cards, 3-step explainer; header Sign in and Get started; CTA 'Explore the web app' goes to the demo.",None; static page hosted beside API /r/{token} and /go/app,Main CTA links into demo role switcher; design-preview strip and All screens link must be removed,S,not_started,
web,for-home,For Home,Website,web/desktop/for-home.png,Website,Public,P7,Home audience page with Home Today mock; CTAs Start your home project and Try the experience (demo); markets inviting a project partner.,None,Partner access is Release 1.1 in baseline and is gated to Pro here; Try the experience links to demo,S,not_started,
web,for-business,For Business,Website,web/desktop/for-business.png,Website,Public,P7,"Business audience page: owners/admins, crew leads, workers who submit own hours; owner buys once and team joins; CTAs to business-setup and demo.","None for page; promises full Business model (memberships, roles, approvals)",Workers signing in conflicts with baseline 'workers never need an account'; links to demo,S,not_started,
web,how-it-works,How it works,Website,web/desktop/how-it-works.png,Website,Public,P7,"Six-step explainer: create workspace, add crew, record work (Home saves directly, Business submits for review), review, record payment, share receipt.",None,CTA links to demo; otherwise consistent with baseline Home rule,S,not_started,
web,demo,Choose a demo,Shared,,Demo-only (must not ship),Public,Do not build,"Role picker (Home organizer, Business owner, Admin, Crew lead, Worker); demo-* hashes reset sample data and set the role from the URL.",None; browser localStorage only,Role set from URL; revised acceptance test bans role switcher in production; 10+ inbound links need new targets,S,not_started,
web,pricing,Plans & pricing,Website,web/desktop/pricing.png,Website,Public,P7,"Plans page with monthly/annual toggle: Home Free $0, Home Pro $7.99/$49.99, Business $29/$290 (proposed), Project Pass $24.99; paid plans bought in iPhone app; FAQ.","Business plan, IAP product and entitlement not in 0003; prices should come from GET /v1/plan",Statements/exports shown as Pro (baseline Free includes); Pro not unlimited vs baseline; partner gated to Pro,S,not_started,
web,download,Use on iPhone,Website,web/desktop/download.png,Website,Public,P7,"Use on iPhone page: placeholder App Store copy, link to mobile preview, and sign-in link for existing accounts.",Should use baseline /go/app counted redirect,No store link; Preview link chains into demo,S,not_started,
web,mobile-preview,Mobile continuity,Website,web/desktop/mobile-preview.png,Website,Public,Do not build,"Shows Home and Business phone screenshots, each with an Open on web link into demo-home or demo-business.",None,Effectively a demo launcher; drop it or remove demo links,S,not_started,
web,help,Help centre,Website,web/desktop/help.png,Website,Public; all signed-in roles,P7,"Help centre with client-side topic search, four guide cards and a Contact support card; also linked from app sidebar.",None,None,S,not_started,
web,help-start,Getting started,Website,web/desktop/help-start.png,Website,Public,P7,"Getting started guide: choose Home or Business, name workspace, add project and first worker; says iPhone users sign in with the same account.",None,"'Same account' fails: iPhone uses Sign in with Apple only, web uses email only",S,not_started,
web,help-work,Hours & approvals,Website,web/desktop/help-work.png,Website,Public,P7,Hours and approvals guide: Business submissions stay Pending until owner/admin approves; returned work has a reason; corrections keep history.,Describes new pending/approved/returned work state,Baseline has no pending or approval state (every save final); applies to Business only,S,not_started,
web,help-money,Payments & receipts,Website,web/desktop/help-money.png,Website,Public,P7,Payments guide: left to pay = approved earnings minus recorded payments; record only money paid outside CrewTally; report issues or correct with history.,None,Report-issue overlaps baseline acknowledgments (RECEIVED/QUERY),S,not_started,
web,help-billing,Plans & team access,Website,web/desktop/help-billing.png,Website,Public,P7,"Plans and team access guide: owner buys one subscription per workspace, members don't pay, purchase stays in iPhone app, switcher for multiple workspaces.",Needs entitlement read on web plus memberships,Baseline has no admins or multiple workspaces,S,not_started,
web,contact,Contact support,Website,web/desktop/contact.png,Website,Public,P7,"Support form (email, topic, message); preview only, nothing is sent.",Live form needs support inbox or email provider plus spam protection; or static email,Support contact required by both stores and still undecided,S,not_started,
web,privacy,Privacy approach,Website,web/desktop/privacy.png,Website,Public,P7,"Privacy outline (workspace separation, personal visibility, record control), labelled as not a published policy.",None,"Must become a real policy before launch; no public account-deletion web page exists (baseline T36, Google Play)",S,not_started,
web,terms,Service information,Website,web/desktop/terms.png,Website,Public,P7,Service information outline: CrewTally records payments but moves no money; owner pays; pre-launch to-dos. Labelled not a legal agreement.,None,"Must be finalized (operator, IAP auto-renew terms)",S,not_started,
web,choose,Choose your workspace,Account & setup,web/desktop/choose.png,New-scope-web,Public,P1c,"Onboarding choice: home project, business and teams, or joining a team; notes you can belong to more than one workspace; link to sign in.",Drop workspaces.owner_id UNIQUE; add workspace kind (HOME/BUSINESS) and workspace_members,"Baseline is one owner, one workspace; account creation happens out of order in setup",M,not_started,
web,signin,Sign in,Account & setup,web/desktop/signin.png,New-scope-web,Public,P1c,"Email-only sign-in: 'Use the same email you use in the app', Continue with email; links to join and choose. No Sign in with Apple.","Needs email identities linked to Apple users, email provider, hashed single-use tokens, rate limits",Baseline and built Phase 1 are Sign in with Apple only; Apple relay emails can't sign in on web 2.0 (P1c): Developer sign-in (test only) appears only when GET /v1/config returns dev_signin: true (development).,L,not_started,
web,verify,Check your email,Account & setup,web/desktop/verify.png,New-scope-web,Public,P1c,'Check your email' screen promising a secure sign-in link; Continue in demo button; use another email; spam hint.,"Magic-link or code endpoint, browser session (cookie, CSRF), membership lookup",Link vs baseline planned email code; 'Continue in demo' must go; no resend or expired states,M,not_started,
web,home-setup,Create Home workspace,Account & setup,web/desktop/home-setup.png,New-scope-web,Public (creates Home organizer),P1c,Step 1 of 3: workspace name and your email to create a Home workspace.,Creates user and HOME workspace; currency default,Collects email with no verify step before the workspace exists; duplicates iPhone onboarding,M,not_started,
web,business-setup,Create Business workspace,Account & setup,web/desktop/business-setup.png,New-scope-web,Public (creates Owner),B1,Step 1 of 3: business name and your email; the creator becomes owner.,Creates BUSINESS workspace and owner membership; new workspace kind and roles,Same email-verification gap; Business workspace does not exist in baseline,M,not_started,
web,setup-project,First project,Account & setup,web/desktop/setup-project.png,New-scope-web,Home organizer; Owner,P2,"Step 2 of 3: first project (Home) or client job (Business) with name, client and location.","New client column; missing projects.timezone (required, no default); work_days and project_use fall back to defaults, but project_use drives tax notices and should be asked.",Timezone and project_use (tax notices) not collected,S,not_started,
web,setup-ready,Workspace ready,Account & setup,web/desktop/setup-ready.png,New-scope-web,Home organizer; Owner,P1c,Step 3 of 3: workspace ready; Home starts on Free; Business owner told to buy the plan in the iPhone app; links to empty workspace or sample demo.,Reads entitlement state,Demo link must go; what a Business owner can do before buying is undefined,S,not_started,
web,join,Join a team,Account & setup,web/desktop/join.png,New-scope-web,Public,P1c,"Enter an invitation code; CREW-2026 opens the invite, anything else shows 'expired'.","Invitations table (hashed token, role, worker, job, financial flag, expiry, status) plus rate-limited lookup","Short guessable codes; invalid, revoked, used and expired all shown as expired 2.0: one message for a wrong code, an expired invitation and too many tries; wrong codes never lock an invitation (counted per person and email).",M,not_started,
web,invite,Review invitation,Account & setup,web/desktop/invite.png,New-scope-web,Invitee (Crew lead; Worker),P1c,"Review an invitation showing role, assigned job and 'Covered by business'; accept button (demo).","Accept endpoint binds verified identity to worker record, creates membership and job scope",Email-match binding conflicts with Apple relay emails; demo button; no decline,L,not_started,
web,invite-expired,Invitation expired,Account & setup,web/desktop/invite-expired.png,New-scope-web,Public,P1c,Invitation expired message with options to try another code or sign in.,Status from invitation lookup,"Needs separate revoked, used and wrong-account states",S,not_started,
web,workspaces,Workspace switcher,Shared,web/desktop/workspaces.png,New-scope-web,All signed-in roles,P1c,Workspace switcher listing the person's Home and Business workspaces with their role; create another or join a team.,Memberships per user; every API call scoped from verified membership,Baseline is one workspace per owner; iPhone app needs a matching switcher,L,not_started,
web,dashboard,Today,Workspace,web/desktop/dashboard.png,New-scope-web,Home organizer; Owner; Admin; Crew lead; Worker,P2,"Today page in role variants: owner/admin review queue and balances, lead crew hours, worker own earnings, Home day summary and payments.",Server-side aggregates from ledger and audit_events; role-scoped queries,Home entries badged Approved; no per-tap Today or Unrecorded filter; Approvals missing from mobile bottom bar,L,not_started,
web,projects,Projects & jobs,Workspace,web/desktop/projects.png,New-scope-web,Home organizer; Owner; Admin; Crew lead (assigned only),P2,"Grid of projects or jobs with client, address and crew count; search; New job or project button for managers.",Role-scoped list; uses new client field,No archive or reopen and no Archived filter (baseline has ARCHIVED status),M,not_started,
web,project,Project detail,Workspace,web/desktop/project.png,New-scope-web,Home organizer; Owner; Admin; Crew lead (assigned only),P2,"Project detail: approved entries, labour cost, payments, work history, assigned crew, labour budget, cost report link.",New projects.budget column; labour cost from ledger,Seed uses weekly-total entries vs baseline one entry per day; no Project Pass status shown,M,not_started,
web,new-project,Create project,Workspace,web/desktop/new-project.png,New-scope-web,Owner; Admin; Home organizer,P2,"Create a project or job: name, client, location, optional labour budget for financial roles.","Missing projects.timezone (required, no default); work_days and project_use fall back to defaults (project_use should be asked); adds client and budget",No Free-plan limit or upgrade handoff (baseline triggers block a second active project),M,not_started,
web,edit-project,Edit project,Workspace,web/desktop/edit-project.png,New-scope-web,Owner; Admin; Home organizer,P2,"Edit a project or job using the same form, prefilled.",Same as new-project plus version check,No archive or reopen; timezone not editable,S,not_started,
web,crew,Crew & team,Workspace,web/desktop/crew.png,New-scope-web,Home organizer; Owner; Admin; Crew lead (assigned),P2,"Team list: person, assigned job, rate (financial roles only), app access status; search; Manage invitations; Add person.",Worker-to-identity link; rate shown per worker vs baseline per-assignment agreements,"0004 My crew features (skills, favorites, ratings, notes) missing; Home workers can have logins",M,not_started,
web,worker,Worker detail,Workspace,web/desktop/worker.png,New-scope-web,Home organizer; Owner; Admin; Crew lead (assigned),P2,"Worker detail: approved entries, earnings, left to pay, work history, assigned job, app access, edit and manage access, statement.",Per-worker balance from ledger across assignments,"Missing phone, email, language, rate history, share or acknowledgment status",M,not_started,
web,add-person,Add person,Team management,web/desktop/add-person.png,New-scope-web,Owner; Admin; Home organizer,P2,Choose between adding a worker record (no account needed) and inviting someone to sign in.,None,None,S,not_started,
web,new-worker,Add worker record,Team management,web/desktop/new-worker.png,New-scope-web,Owner; Admin; Home organizer,P2,"Add a worker: name, trade, one job, pay basis (Home only), agreed rate (financial roles only).","Creates worker, assignment, rate agreement; missing phone, email, document_language; adds trade",Admin without finance creates $0-rate worker; Business is hourly only; no effective date or Free limit,M,not_started,
web,edit-worker,Edit worker,Team management,web/desktop/edit-worker.png,New-scope-web,Owner; Admin; Home organizer,P2,Edit a worker; changing the job moves their one assignment; a rate change applies to future work.,"Must create a new rate_agreement with effective_from, not overwrite",No effective-date picker; no deactivate (baseline INACTIVE),M,not_started,
web,invite-person,Invite a team member,Team management,web/desktop/invite-person.png,New-scope-web,Owner; Admin; Home organizer,P1c,"Invite by name and email with role (Home partner, or lead, worker, admin), assigned job, and an owner-only finance toggle for admins.",Invitation must target an existing worker record for the Worker role,Home partner permissions undefined (baseline limits not carried); risk of duplicate workers,M,not_started,
web,invite-review,Review invitation,Team management,web/desktop/invite-review.png,New-scope-web,Owner; Admin; Home organizer,P1c,"Confirm invitee access (role, job, finances) before creating the invitation; notes the workspace covers them.","POST invitation, send email, idempotency key",Demo copy; no delivery or failure state,S,not_started,
web,invitations,Invitations,Team management,web/desktop/invitations.png,New-scope-web,Owner; Admin; Home organizer,P1c,"List of invitations (name, role, job, status); empty state.",List invitations with status,"No resend, revoke, expiry or accepted states, though Handoff requires them",S,not_started,
web,roles,Role permissions,Team management,web/desktop/roles.png,New-scope-web,Owner; Admin,B1,"Static role-permission table for Owner, Administrator, Crew lead, Worker (work, money, team, billing).",Server-side permission model matching the table,No Home partner or Home organizer row; web has no partner role at all (Home grants full access incl. billing).,S,not_started,
web,member,Manage member access,Team management,web/desktop/member.png,New-scope-web,Owner; Admin; Home organizer,P1c,Manage a member's app access; remove access with confirmation while keeping history.,"Revoke membership, end sessions, keep worker history","Worker role only: no role change, finance toggle, lead/admin removal or owner transfer",M,not_started,
web,assign-crew,Assign crew to job,Team management,web/desktop/assign-crew.png,New-scope-web,Owner; Admin; Home organizer,P2,Choose which workers are on a job with checkboxes; unchecked workers become unassigned.,Must map to many-to-many assignments with end dates; plan-limit trigger,One job per worker silently removes them from other jobs; no per-assignment rate or Free limit,M,not_started,
web,record-work,Record work,Work & approvals,web/desktop/record-work.png,New-scope-web,Home organizer; Owner; Admin; Crew lead; Worker,P3,"Single work entry: worker, job, date, hours or day portion (Home day-rate only, free decimal 0-1), note. Home saves as approved; Business submits as pending; offline saves draft.","Entry status (draft/pending/approved/returned), submitted_by, original_entry_id; unit+rate snapshot from agreement","No full/half presets, no-work or minutes modes; Business hourly only; baseline saves final with no approval; Route guards are bypassed in Home mode.",M,not_started,
web,work-review,Review work,Work & approvals,web/desktop/work-review.png,New-scope-web,Home organizer; Owner; Admin; Crew lead; Worker,P3,"Confirm step before saving one entry: worker, job, date, work amount, rate (financial roles), earnings to add (Home) or pending status (Business).",Server earnings preview in minor units,Adds a review step per entry; baseline mobile uses per-tap save with Undo,S,not_started,
web,work-saved,Work recorded,Work & approvals,web/desktop/work-saved.png,New-scope-web,Home organizer; Owner; Admin; Crew lead; Worker,P3,"Confirmation after saving work: recorded (Home), submitted for review (Business) or draft saved on this device (offline).",None,None,S,not_started,
web,history,Work history,Work & approvals,web/desktop/history.png,New-scope-web,Home organizer; Owner; Admin; Crew lead; Worker,P3,"Work table scoped by role with status filter (All/Pending/Approved/Returned/Draft) and Export CSV (worker, job, date, quantity, pay basis, status, note).",Scoped list endpoint; server-side CSV export,No project/worker/date filters (project brief); no Unrecorded/Missing filter; hours and day portions share one column,M,not_started,
web,entry,Work entry detail,Work & approvals,web/desktop/entry.png,New-scope-web,Home organizer; Owner; Admin; Crew lead (own job); Worker (own),P3,"Entry detail: work amount, approved or estimated earnings, return reason, superseded notice, history timeline; correct, edit-and-submit or review actions.",Approval/return audit events; superseded entries; partial unique index on active entry per worker/job/date,"Correction is a new superseding row, not a revision; no VOID action",M,not_started,
web,approvals,Approval queue,Work & approvals,web/desktop/approvals.png,New-scope-web,Owner; Admin,B2,Queue of pending Business entries with count and Review button per row. Only approved work adds to earnings.,Pending status; approval queue endpoint,Baseline 1.4 has no approval state; non-financial admin can approve without seeing money,M,not_started,
web,approval,Review submission,Work & approvals,web/desktop/approval.png,New-scope-web,Owner; Admin,B2,"Review one submission: hours, earnings if approved (financial roles), note, submitter; approve once or return for a change. Approval blocked offline.",Transactional idempotent approve; supersede original; ledger events written at approval not save,Hard-codes 'h'/'hours'; baseline writes ledger at save,M,not_started,
web,return-work,Return for correction,Work & approvals,web/desktop/return-work.png,New-scope-web,Owner; Admin,B2,Return a pending entry to the submitter with a required reason so it can be corrected.,Returned status + reason; notify submitter,Notification channel undefined,S,not_started,
web,payments,Payments & balances,Payments,web/desktop/payments.png,New-scope-web,Home organizer; Owner; Admin (financial),P4,"Metrics (approved earnings, payments, left to pay), per-worker balance table with Record payment, and payment history with receipts.",Balances per worker (approved only),"Baseline balances per assignment; no reversals, adjustments, reimbursements or pay-what's-owed",M,not_started,
web,record-payment,Record payment,Payments,web/desktop/record-payment.png,New-scope-web,Home organizer; Owner; Admin (financial),P4,"Record an outside payment: worker, paid-against job, amount, date, method (bank transfer/cash/other), reference. No funds moved.",Single worker + single job allocation,No Check/Zelle or check number; no split across workers; no evidence attachment (all baseline/project brief); No reversal or correction anywhere on web.,M,not_started,
web,payment-review,Review payment,Payments,web/desktop/payment-review.png,New-scope-web,Home organizer; Owner; Admin (financial),P4,"Confirm payment with balance before/after, overpayment credit warning, duplicate warning (same worker/date/amount), and required 'already paid outside' checkbox.",Duplicate-detection query; idempotent save,Attestation checkbox not in baseline mobile (parity); payments online-only in both,S,not_started,
web,payment-saved,Payment recorded,Payments,web/desktop/payment-saved.png,New-scope-web,Home organizer; Owner; Admin (financial),P4,"Confirmation that the payment is recorded and balance updated, with link to the receipt.",None,None,S,not_started,
web,receipt,Receipt,Payments,web/desktop/receipt.png,New-scope-web,Home organizer; Owner; Admin (financial); Worker (own),P6,"Receipt card: payee, amount, date, method, job, reference, disclaimer; browser Print/save PDF and share options; worker gets 'something looks wrong'.",Immutable receipt snapshot; receipt number sequence,"No English/Spanish, allocation lines, check clearance or versions; receipt number is the internal payment id (PAY-<timestamp>), not a sequence.",M,not_started,
web,my-receipt,My receipt,Worker,web/desktop/my-receipt.png,New-scope-web,Worker,B2,Same receipt view scoped to the signed-in worker's own payments.,Worker-to-user identity binding (new),Baseline workers have no accounts,S,not_started,
web,share-receipt,Share receipt,Payments,web/desktop/share-receipt.png,New-scope-web,Home organizer; Owner; Admin (financial),P6,"Share options: print/save PDF to send via own channel, or create a revocable private link to this receipt only (no account needed).",share_links create/revoke,No SMS/email send (baseline + project brief); no revoke UI; worker can reach route for own receipt,S,not_started,
web,public-receipt,Recipient receipt view,Shared,web/desktop/public-receipt.png,New-scope-web,Public (token),P6,"Unauthenticated view of one shared receipt: payer workspace, payee, amount, date, method, job, print, 'something looks wrong'.",Hashed token resolve; receipt-only projection,No 'I received this' acknowledgment or language toggle; issue link goes to authenticated screen,M,not_started,
web,my-money,My earnings & payments,Worker,web/desktop/my-money.png,New-scope-web,Worker,B2,"Worker's own approved earnings (pending excluded), payments recorded, left to pay, receipts, and link to report a problem.",Worker-scoped balance by identity binding,New; baseline 1.1 used a share link without an account,M,not_started,
web,report-issue,Report a record problem,Worker,web/desktop/report-issue.png,New-scope-web,Worker,B2,"Worker sends a question about a payment, hours or earnings to the workspace owner (prototype sends nothing).",Record query entity or acknowledgments QUERY; owner inbox,"No record reference, delivery channel or owner-side queue; linked from public receipt",S,not_started,
web,reports,Reports & statements,Reports,web/desktop/reports.png,New-scope-web,Home organizer; Owner; Admin (financial),P5,"Totals, approved labour by job (all dates), worker statement links, and summary CSV (earnings, payments, balance per worker).",Aggregate queries; server CSV in formatted minor units,"No date range, year-end totals, project summary, tax thresholds or report PDF; Summary CSV prefixes negative balances with ' so credits export as text.",M,not_started,
web,statement,Worker statement,Reports,web/desktop/statement.png,New-scope-web,Home organizer; Owner; Admin (financial),P6,"Worker statement: approved earnings, payments, balance, approved work and payment tables; browser print/save PDF.",Statement snapshot with period and project filters,Fixed to all records (no period); no Spanish; not available to the worker,M,not_started,
web,settings,Workspace settings,Settings,web/desktop/settings.png,New-scope-web,All (edit: Home organizer; Owner; Admin),P7,"Workspace name, currency (USD only), date format, link to switch workspace.",Multiple workspaces per user breaks workspaces.owner_id UNIQUE,No timezone (baseline has timezone per project),S,not_started,
web,profile,My account,Settings,web/desktop/profile.png,New-scope-web,All,P7,"Account details: name, email, sign-in method (email verification link), current device, sign out, data request link.",Users with email identity; account linking across Apple and email,Baseline Phase 1 (built) is Sign in with Apple only,L,not_started,
web,accessibility,Appearance & reading,Settings,web/desktop/accessibility.png,New-scope-web,All,P7,Larger text toggle and in-browser activity notice preference; reduced motion follows device.,Per-user or per-device preference,None,S,not_started,
web,billing,Plan & billing,Billing,web/desktop/billing.png,New-scope-web,Home organizer; Owner; Admin (view only),P7,"Current plan card (Home Pro or Business, monthly/annual, proposed price, bought via App Store, billing owner); manage, compare, restore links.",Per-workspace entitlement; new Business plan,Free and Project Pass missing; Business $29/$290 not in 0003,M,not_started,
web,plan-options,Compare workspace plans,Billing,web/desktop/plan-options.png,New-scope-web,Home organizer; Owner,P7,Compare monthly vs annual for the workspace; notes prices are proposals and purchase happens in the iPhone app.,None,No Free or Project Pass; App Store: iOS app must not reference web pricing (flag),S,not_started,
web,plan-review,Review plan choice,Billing,web/desktop/plan-review.png,New-scope-web,Home organizer; Owner,P7,Summary of chosen plan; tells owner to continue on iPhone to see Apple's final price; restore link.,None,None,S,not_started,
web,purchase-handoff,Continue purchase on iPhone,Billing,web/desktop/purchase-handoff.png,New-scope-web,Home organizer; Owner,P7,Tells owner to finish purchase in the iPhone app (Settings > Plan); future deep link to exact workspace and plan.,Deep link with workspace + plan; entitlement keyed to workspace,App Store flag: one owner IAP covers team web access; future web checkout raises anti-steering,M,not_started,
web,manage-plan,Manage subscription,Billing,web/desktop/manage-plan.png,New-scope-web,Home organizer; Owner,P7,Step-by-step instructions to manage or cancel the Apple subscription from the iPhone app; access kept to verified period end.,App Store server notifications; verified expiry,No direct link to Apple subscription management for web-only users,S,not_started,
web,restore,Find an existing purchase,Billing,web/desktop/restore.png,New-scope-web,Home organizer; Owner; Admin,P7,Guidance to restore an existing Apple purchase on iPhone so it reconnects its original workspace instead of buying again.,Map original transaction id to workspace,Baseline assumes one workspace per owner,S,not_started,
web,team-access,Your team access,Settings,web/desktop/team-access.png,New-scope-web,Crew lead; Worker,B2,"Shows the member is covered by the business: workspace, role, assigned job, billing owner.","Memberships, roles, assignments (new)",Assigned job shown as single value; needs list,S,not_started,
web,data,Data & records,Settings,web/desktop/data.png,New-scope-web,All,P7,"Export visible work as CSV, request account or data removal (modal only), and reset sample data (demo).",Scoped export; data-request and retention workflow,Request-only removal vs required account deletion; 'Reset sample records' must not ship,M,not_started,
web,empty-dashboard,Empty workspace,States & recovery,web/desktop/empty-dashboard.png,New-scope-web,Home organizer; Owner,P1c,Empty workspace state prompting to add the first worker or explore sample records.,None,Skips project-first onboarding of baseline,S,not_started,
web,notifications,Notifications,States & recovery,web/desktop/notifications.png,New-scope-web,All,B2,"In-app list of updates by role (work to review, submission pending, receipt ready); can be paused.",Notification events + per-user preferences (channels TBD),"In-app only: no email/push, no daily reminders (baseline REQ-11, project brief)",M,not_started,
web,sync,Sync & offline,States & recovery,web/desktop/sync.png,New-scope-web,All,P3,Connection status and local draft count; offline work stays as drafts until reconnect and submit; payments and approvals need a connection.,Durable local drafts; retry-safe submit; conflict handling,Work offline = draft needing re-submit vs baseline final queued saves; payments online-only in both,M,not_started,
web,expired,Expired workspace,States & recovery,web/desktop/expired.png,New-scope-web,All,B4,"Read-only workspace state: view and export allowed; owner manages plan, members contact owner. Banner on every page.",Server-side write block by entitlement,"Baseline expiry falls back to Free limits, not read-only",S,not_started,
web,access-denied,Access not available,States & recovery,web/desktop/access-denied.png,New-scope-web,All,P1c,Page shown when the role lacks access to a route or record.,Server 403 enforcement,Prototype guards are client-only,S,not_started,
web,access-removed,Membership removed,States & recovery,web/desktop/access-removed.png,New-scope-web,Removed member,P1c,Tells a removed member they lost access; history stays with the business; switch workspace or account.,Immediate session/export/share revocation,"None 2.0 (P1c): copy without names: ""You no longer have access to this workspace."" Same for removed and left.",S,not_started,
web,load-error,Connection error,States & recovery,web/desktop/load-error.png,New-scope-web,All,P1c,"Connection error state: records unchanged, try again or check connection.",None,None,S,not_started,
web,not-found,Page not found,States & recovery,web/desktop/not-found.png,New-scope-web,Public,P1c,404 page in website layout with links to website and workspace.,None,None,S,not_started,
web,timesheet,Crew timesheet,Work & approvals,web/desktop/timesheet.png,New-scope-web,Owner; Admin; Crew lead,B2,Record one day for a whole job crew: hours (0-24) and note per worker; already-recorded rows locked; blank means did not work.,Batch submit with per-row duplicate checks and idempotency; unit+rate snapshot,"Hours only, no unit stored (a latent bug if Business ever gets daily rates); Business only, no Home equivalent (but route guards skip Home, so a Home organizer can open it); no no-work record.",L,not_started,
web,timesheet-review,Review crew timesheet,Work & approvals,web/desktop/timesheet-review.png,New-scope-web,Owner; Admin; Crew lead,B2,"Confirm crew day (worker, date, job, hours, total) and submit all entries for approval.",Same as timesheet,No money shown to owner; owner's own entries go to pending,S,not_started,
web,design,Design library,Design handoff,,Demo-only (must not ship),None (unguarded),Do not build,"Design library: catalogue of all routes, role demo buttons, prototype disclaimer and implementation notes. Linked from demo banner on every page.",None,"Must be excluded from production with demo banner, demo routes, reset and localStorage",S,not_started,
